Category,Revenue,Profit,UnitsSold,Transactions,AvgDiscount
Men,82948324.92,14402283.57,25886,9935,14.955739305485656
Kids,78797077.59,15449391.9,26154,10065,14.739780427223051
Footwear,73445876.77,12652897.7,26355,10126,14.874697807623939
Accessories,71122709.63,13656222.31,25458,9847,14.853527978064385
Women,63734806.61,9803804.92,25784,10027,14.819929191183803
