DiscountBin,AvgProfit,MedianProfit,Revenue,Count
0%,2577.8374003795066,2048.28,13604552.62,1581
0-5%,2381.8394097616347,1789.15,66533008.48,7929
5-10%,1970.1563774053382,1468.18,64867367.73,8055
10-15%,1535.5659365884592,1032.6,60761635.69,7885
15-20%,1085.3287307117969,689.4300000000001,57540807.86,8036
20-25%,642.9671972719084,373.89,52267522.7,7771
25-30%,218.7605818414322,115.14500000000001,49295892.49,7820
>30%,-436.6411267605634,-243.52,5178007.95,923
